Time (s),Mole fraction
,Ar,He,Ne,N2,Si2H6(1),H2(2),SiH2_singlet(3)
2e-15,0.0,0.0,0.0,0.0,0.5,0.40000000000000002,0.10000000000000001
