Time (s),Mole fraction
,Ar,He,Ne,N2,SiH4(1),H2(2),SiH2(3)
2e-15,0.0,0.0,0.0,0.0,0.49999999999999994,0.5,5.8626364718410101e-17
